{
	"credit": "Made with Blockbench",
	"texture_size": [32, 32],
	"textures": {
		"0": "item/penguin",
		"particle": "item/penguin"
	},
	"elements": [
		{
			"from": [-10, 3, 2],
			"to": [14, 23, 2],
			"rotation": {"angle": 0, "axis": "y", "origin": [2, 13, 2]},
			"faces": {
				"north": {"uv": [3.5, 7.5, 15.5, 17.5], "texture": "#0"},
				"east": {"uv": [3.5, 7.5, 3.5, 17.5], "texture": "#0"},
				"south": {"uv": [15.5, 7.5, 27.5, 17.5], "texture": "#0"},
				"west": {"uv": [15.5, 7.5, 15.5, 17.5], "texture": "#0"},
				"up": {"uv": [15.5, 7.5, 3.5, 7.5], "texture": "#0"},
				"down": {"uv": [27.5, 7.5, 15.5, 7.5], "texture": "#0"}
			}
		},
		{
			"from": [-10, 3, 2],
			"to": [14, 23, 2],
			"rotation": {"angle": 0, "axis": "y", "origin": [0, 8, 0]},
			"faces": {
				"north": {"uv": [3.5, 7.5, 15.5, 17.5], "texture": "#0"},
				"east": {"uv": [3.5, 7.5, 3.5, 17.5], "texture": "#0"},
				"south": {"uv": [15.5, 7.5, 27.5, 17.5], "texture": "#0"},
				"west": {"uv": [15.5, 7.5, 15.5, 17.5], "texture": "#0"},
				"up": {"uv": [15.5, 7.5, 3.5, 7.5], "texture": "#0"},
				"down": {"uv": [27.5, 7.5, 15.5, 7.5], "texture": "#0"}
			}
		},
		{
			"name": "body2",
			"from": [0, 0, -1],
			"to": [1, 0, 0],
			"faces": {
				"north": {"uv": [0.5, 1, 1, 1], "texture": "#0"},
				"east": {"uv": [0, 1, 0.5, 1], "texture": "#0"},
				"south": {"uv": [1.5, 1, 2, 1], "texture": "#0"},
				"west": {"uv": [1, 1, 1.5, 1], "texture": "#0"},
				"up": {"uv": [1, 1, 0.5, 0.5], "texture": "#0"},
				"down": {"uv": [1.5, 0.5, 1, 1], "texture": "#0"}
			}
		},
		{
			"name": "body2",
			"from": [-1, 0, 0],
			"to": [5, 4, 4],
			"faces": {
				"north": {"uv": [2, 4, 5, 6], "texture": "#0"},
				"east": {"uv": [0, 4, 2, 6], "texture": "#0"},
				"south": {"uv": [7, 4, 10, 6], "texture": "#0"},
				"west": {"uv": [5, 4, 7, 6], "texture": "#0"},
				"up": {"uv": [5, 4, 2, 2], "texture": "#0"},
				"down": {"uv": [8, 2, 5, 4], "texture": "#0"}
			}
		},
		{
			"name": "body2",
			"from": [3, 0, -1],
			"to": [4, 0, 0],
			"faces": {
				"north": {"uv": [0.5, 0.5, 1, 0.5], "texture": "#0"},
				"east": {"uv": [0, 0.5, 0.5, 0.5], "texture": "#0"},
				"south": {"uv": [1.5, 0.5, 2, 0.5], "texture": "#0"},
				"west": {"uv": [1, 0.5, 1.5, 0.5], "texture": "#0"},
				"up": {"uv": [1, 0.5, 0.5, 0], "texture": "#0"},
				"down": {"uv": [1.5, 0, 1, 0.5], "texture": "#0"}
			}
		},
		{
			"name": "head2",
			"from": [0, 7, 3],
			"to": [4, 8, 4],
			"faces": {
				"north": {"uv": [4.5, 2.5, 6.5, 3], "texture": "#0"},
				"east": {"uv": [4, 2.5, 4.5, 3], "texture": "#0"},
				"south": {"uv": [7, 2.5, 9, 3], "texture": "#0"},
				"west": {"uv": [6.5, 2.5, 7, 3], "texture": "#0"},
				"up": {"uv": [6.5, 2.5, 4.5, 2], "texture": "#0"},
				"down": {"uv": [8.5, 2, 6.5, 2.5], "texture": "#0"}
			}
		},
		{
			"name": "head2",
			"from": [0, 7, 0],
			"to": [4, 8, 1],
			"faces": {
				"north": {"uv": [5, 2.5, 7, 3], "texture": "#0"},
				"east": {"uv": [4.5, 2.5, 5, 3], "texture": "#0"},
				"south": {"uv": [7.5, 2.5, 9.5, 3], "texture": "#0"},
				"west": {"uv": [7, 2.5, 7.5, 3], "texture": "#0"},
				"up": {"uv": [7, 2.5, 5, 2], "texture": "#0"},
				"down": {"uv": [9, 2, 7, 2.5], "texture": "#0"}
			}
		},
		{
			"name": "head2",
			"from": [-1, 7, 1],
			"to": [5, 8, 3],
			"faces": {
				"north": {"uv": [2, 2, 5, 2.5], "texture": "#0"},
				"east": {"uv": [1, 2, 2, 2.5], "texture": "#0"},
				"south": {"uv": [6, 2, 9, 2.5], "texture": "#0"},
				"west": {"uv": [5, 2, 6, 2.5], "texture": "#0"},
				"up": {"uv": [5, 2, 2, 1], "texture": "#0"},
				"down": {"uv": [8, 1, 5, 2], "texture": "#0"}
			}
		},
		{
			"name": "head2",
			"from": [-1, 4, 0],
			"to": [5, 7, 4],
			"faces": {
				"north": {"uv": [2, 2.5, 5, 4], "texture": "#0"},
				"east": {"uv": [0, 2.5, 2, 4], "texture": "#0"},
				"south": {"uv": [7, 2.5, 10, 4], "texture": "#0"},
				"west": {"uv": [5, 2.5, 7, 4], "texture": "#0"},
				"up": {"uv": [5, 2.5, 2, 0.5], "texture": "#0"},
				"down": {"uv": [8, 0.5, 5, 2.5], "texture": "#0"}
			}
		},
		{
			"name": "head2",
			"from": [1, 4, -1],
			"to": [3, 5, 0],
			"faces": {
				"north": {"uv": [2.5, 6.5, 3.5, 7], "texture": "#0"},
				"east": {"uv": [2, 6.5, 2.5, 7], "texture": "#0"},
				"south": {"uv": [4, 6.5, 5, 7], "texture": "#0"},
				"west": {"uv": [3.5, 6.5, 4, 7], "texture": "#0"},
				"up": {"uv": [3.5, 6.5, 2.5, 6], "texture": "#0"},
				"down": {"uv": [4.5, 6, 3.5, 6.5], "texture": "#0"}
			}
		},
		{
			"name": "body_sub_5",
			"from": [5, 0, 1],
			"to": [6, 5, 3],
			"shade": false,
			"faces": {
				"north": {"uv": [1.5, 7, 1, 9.5], "texture": "#0"},
				"east": {"uv": [2.5, 7, 1.5, 9.5], "texture": "#0"},
				"south": {"uv": [3, 7, 2.5, 9.5], "texture": "#0"},
				"west": {"uv": [1, 7, 0, 9.5], "texture": "#0"},
				"up": {"uv": [1, 7, 1.5, 6], "texture": "#0"},
				"down": {"uv": [1.5, 6, 2, 7], "texture": "#0"}
			}
		},
		{
			"name": "left_wing2",
			"from": [-2, 0, 1],
			"to": [-1, 5, 3],
			"faces": {
				"north": {"uv": [1, 7, 1.5, 9.5], "texture": "#0"},
				"east": {"uv": [0, 7, 1, 9.5], "texture": "#0"},
				"south": {"uv": [2.5, 7, 3, 9.5], "texture": "#0"},
				"west": {"uv": [1.5, 7, 2.5, 9.5], "texture": "#0"},
				"up": {"uv": [1.5, 7, 1, 6], "texture": "#0"},
				"down": {"uv": [2, 6, 1.5, 7], "texture": "#0"}
			}
		}
	],
	"groups": [
		{
			"name": "body2",
			"origin": [2, 0, 2],
			"color": 0,
			"children": [
				{
					"name": "parachute",
					"origin": [0, 8, 0],
					"color": 0,
					"children": [
						{
							"name": "part",
							"origin": [2, 4, 2],
							"rotation": [0, -25, 0],
							"color": 0,
							"children": [0]
						},
						{
							"name": "part2",
							"origin": [2, 4, 2],
							"rotation": [0, 25, 0],
							"color": 0,
							"children": [1]
						}
					]
				}, 2, 3, 4,
				{
					"name": "head2",
					"origin": [2, 4, 2],
					"color": 0,
					"children": [5, 6, 7, 8, 9]
				},
				{
					"name": "right_wing2",
					"origin": [5.5, 4.5, 2],
					"color": 0,
					"children": [
						{
							"name": "body_sub_5",
							"origin": [5.5, 4.5, 2],
							"color": 0,
							"shade": false,
							"children": [10]
						}
					]
				},
				{
					"name": "left_wing2",
					"origin": [-1.5, 4.5, 2],
					"color": 0,
					"children": [11]
				}
			]
		}
	]
}