{
	"credit": "Made with Blockbench",
	"texture_size": [32, 32],
	"textures": {
		"0": "item/penguin",
		"1": "item/cannon",
		"particle": "item/penguin"
	},
	"elements": [
		{
			"name": "body2",
			"from": [-1, 0, 0],
			"to": [0, 0, 1],
			"faces": {
				"north": {"uv": [1.5, 1, 2, 1], "texture": "#0"},
				"east": {"uv": [1, 1, 1.5, 1], "texture": "#0"},
				"south": {"uv": [0.5, 1, 1, 1], "texture": "#0"},
				"west": {"uv": [0, 1, 0.5, 1], "texture": "#0"},
				"up": {"uv": [1, 1, 0.5, 0.5], "rotation": 180, "texture": "#0"},
				"down": {"uv": [1.5, 0.5, 1, 1], "rotation": 180, "texture": "#0"}
			}
		},
		{
			"name": "body2",
			"from": [-5, 0, -4],
			"to": [1, 4, 0],
			"faces": {
				"north": {"uv": [7, 4, 10, 6], "texture": "#0"},
				"east": {"uv": [5, 4, 7, 6], "texture": "#0"},
				"south": {"uv": [2, 4, 5, 6], "texture": "#0"},
				"west": {"uv": [0, 4, 2, 6], "texture": "#0"},
				"up": {"uv": [5, 4, 2, 2], "rotation": 180, "texture": "#0"},
				"down": {"uv": [8, 2, 5, 4], "rotation": 180, "texture": "#0"}
			}
		},
		{
			"name": "body2",
			"from": [-4, 0, 0],
			"to": [-3, 0, 1],
			"faces": {
				"north": {"uv": [1.5, 0.5, 2, 0.5], "texture": "#0"},
				"east": {"uv": [1, 0.5, 1.5, 0.5], "texture": "#0"},
				"south": {"uv": [0.5, 0.5, 1, 0.5], "texture": "#0"},
				"west": {"uv": [0, 0.5, 0.5, 0.5], "texture": "#0"},
				"up": {"uv": [1, 0.5, 0.5, 0], "rotation": 180, "texture": "#0"},
				"down": {"uv": [1.5, 0, 1, 0.5], "rotation": 180, "texture": "#0"}
			}
		},
		{
			"name": "head2",
			"from": [-4, 7, -4],
			"to": [0, 8, -3],
			"faces": {
				"north": {"uv": [7, 2.5, 9, 3], "texture": "#0"},
				"east": {"uv": [6.5, 2.5, 7, 3], "texture": "#0"},
				"south": {"uv": [4.5, 2.5, 6.5, 3], "texture": "#0"},
				"west": {"uv": [4, 2.5, 4.5, 3], "texture": "#0"},
				"up": {"uv": [6.5, 2.5, 4.5, 2], "rotation": 180, "texture": "#0"},
				"down": {"uv": [8.5, 2, 6.5, 2.5], "rotation": 180, "texture": "#0"}
			}
		},
		{
			"name": "head2",
			"from": [-4, 7, -1],
			"to": [0, 8, 0],
			"faces": {
				"north": {"uv": [7.5, 2.5, 9.5, 3], "texture": "#0"},
				"east": {"uv": [7, 2.5, 7.5, 3], "texture": "#0"},
				"south": {"uv": [5, 2.5, 7, 3], "texture": "#0"},
				"west": {"uv": [4.5, 2.5, 5, 3], "texture": "#0"},
				"up": {"uv": [7, 2.5, 5, 2], "rotation": 180, "texture": "#0"},
				"down": {"uv": [9, 2, 7, 2.5], "rotation": 180, "texture": "#0"}
			}
		},
		{
			"name": "head2",
			"from": [-5, 7, -3],
			"to": [1, 8, -1],
			"faces": {
				"north": {"uv": [6, 2, 9, 2.5], "texture": "#0"},
				"east": {"uv": [5, 2, 6, 2.5], "texture": "#0"},
				"south": {"uv": [2, 2, 5, 2.5], "texture": "#0"},
				"west": {"uv": [1, 2, 2, 2.5], "texture": "#0"},
				"up": {"uv": [5, 2, 2, 1], "rotation": 180, "texture": "#0"},
				"down": {"uv": [8, 1, 5, 2], "rotation": 180, "texture": "#0"}
			}
		},
		{
			"name": "head2",
			"from": [-5, 4, -4],
			"to": [1, 7, 0],
			"faces": {
				"north": {"uv": [7, 2.5, 10, 4], "texture": "#0"},
				"east": {"uv": [5, 2.5, 7, 4], "texture": "#0"},
				"south": {"uv": [2, 2.5, 5, 4], "texture": "#0"},
				"west": {"uv": [0, 2.5, 2, 4], "texture": "#0"},
				"up": {"uv": [5, 2.5, 2, 0.5], "rotation": 180, "texture": "#0"},
				"down": {"uv": [8, 0.5, 5, 2.5], "rotation": 180, "texture": "#0"}
			}
		},
		{
			"name": "head2",
			"from": [-3, 4, 0],
			"to": [-1, 5, 1],
			"faces": {
				"north": {"uv": [4, 6.5, 5, 7], "texture": "#0"},
				"east": {"uv": [3.5, 6.5, 4, 7], "texture": "#0"},
				"south": {"uv": [2.5, 6.5, 3.5, 7], "texture": "#0"},
				"west": {"uv": [2, 6.5, 2.5, 7], "texture": "#0"},
				"up": {"uv": [3.5, 6.5, 2.5, 6], "rotation": 180, "texture": "#0"},
				"down": {"uv": [4.5, 6, 3.5, 6.5], "rotation": 180, "texture": "#0"}
			}
		},
		{
			"name": "body_sub_5",
			"from": [-6, 0, -3],
			"to": [-5, 5, -1],
			"shade": false,
			"faces": {
				"north": {"uv": [3, 7, 2.5, 9.5], "texture": "#0"},
				"east": {"uv": [1, 7, 0, 9.5], "texture": "#0"},
				"south": {"uv": [1.5, 7, 1, 9.5], "texture": "#0"},
				"west": {"uv": [2.5, 7, 1.5, 9.5], "texture": "#0"},
				"up": {"uv": [1, 7, 1.5, 6], "rotation": 180, "texture": "#0"},
				"down": {"uv": [1.5, 6, 2, 7], "rotation": 180, "texture": "#0"}
			}
		},
		{
			"name": "left_wing2",
			"from": [1, 0, -3],
			"to": [2, 5, -1],
			"faces": {
				"north": {"uv": [2.5, 7, 3, 9.5], "texture": "#0"},
				"east": {"uv": [1.5, 7, 2.5, 9.5], "texture": "#0"},
				"south": {"uv": [1, 7, 1.5, 9.5], "texture": "#0"},
				"west": {"uv": [0, 7, 1, 9.5], "texture": "#0"},
				"up": {"uv": [1.5, 7, 1, 6], "rotation": 180, "texture": "#0"},
				"down": {"uv": [2, 6, 1.5, 7], "rotation": 180, "texture": "#0"}
			}
		},
		{
			"from": [6, 0, 24],
			"to": [10, 4, 25],
			"faces": {
				"north": {"uv": [5, 0, 7, 2], "texture": "#1"},
				"east": {"uv": [5, 0, 7, 0.5], "texture": "#1"},
				"south": {"uv": [5, 0, 7, 2], "texture": "#1"},
				"west": {"uv": [5, 0, 7, 0.5], "texture": "#1"},
				"up": {"uv": [5, 0, 7, 0.5], "texture": "#1"},
				"down": {"uv": [5, 0, 7, 0.5], "texture": "#1"}
			}
		},
		{
			"from": [6, 0, 31],
			"to": [10, 4, 32],
			"faces": {
				"north": {"uv": [5, 7, 7, 10], "texture": "#1"},
				"east": {"uv": [7, 7, 7.5, 10], "texture": "#1"},
				"south": {"uv": [5, 7, 7, 10], "texture": "#1"},
				"west": {"uv": [7, 7, 7.5, 10], "texture": "#1"},
				"up": {"uv": [7, 9.5, 7.5, 7.5], "rotation": 90, "texture": "#1"},
				"down": {"uv": [7, 9.5, 7.5, 7.5], "rotation": 90, "texture": "#1"}
			}
		},
		{
			"from": [6, 4, 25],
			"to": [10, 5, 31],
			"faces": {
				"north": {"uv": [7, 7, 7.5, 10], "rotation": 90, "texture": "#1"},
				"east": {"uv": [7, 7, 7.5, 10], "rotation": 90, "texture": "#1"},
				"south": {"uv": [7, 7, 7.5, 10], "rotation": 90, "texture": "#1"},
				"west": {"uv": [7, 7, 7.5, 10], "rotation": 90, "texture": "#1"},
				"up": {"uv": [7, 10, 5, 7], "texture": "#1"},
				"down": {"uv": [7, 10, 5, 7], "texture": "#1"}
			}
		},
		{
			"from": [7, 5, 28],
			"to": [8, 6, 29],
			"faces": {
				"north": {"uv": [7, 7, 7.5, 7.5], "rotation": 90, "texture": "#1"},
				"east": {"uv": [7, 7, 7.5, 7.5], "rotation": 90, "texture": "#1"},
				"south": {"uv": [7, 7, 7.5, 7.5], "rotation": 90, "texture": "#1"},
				"west": {"uv": [7, 7, 7.5, 7.5], "rotation": 90, "texture": "#1"},
				"up": {"uv": [5.5, 7.5, 5, 7], "texture": "#1"},
				"down": {"uv": [7, 10, 5, 7], "texture": "#1"}
			}
		},
		{
			"from": [7, 6, 27],
			"to": [8, 7, 30],
			"faces": {
				"north": {"uv": [0, 0, 0.5, 0.5], "rotation": 90, "texture": "#1"},
				"east": {"uv": [0, 0, 0.5, 0.5], "rotation": 90, "texture": "#1"},
				"south": {"uv": [0, 0, 0.5, 0.5], "rotation": 90, "texture": "#1"},
				"west": {"uv": [0, 0, 0.5, 0.5], "rotation": 90, "texture": "#1"},
				"up": {"uv": [0.5, 0.5, 0, 0], "texture": "#1"},
				"down": {"uv": [7, 10, 5, 7], "texture": "#1"}
			}
		},
		{
			"from": [6, 4, 10],
			"to": [10, 5, 24],
			"faces": {
				"north": {"uv": [7, 7, 9, 7.5], "texture": "#1"},
				"east": {"uv": [2, 2, 2.5, 9], "rotation": 90, "texture": "#1"},
				"south": {"uv": [7, 7, 7.5, 10], "rotation": 270, "texture": "#1"},
				"west": {"uv": [2, 2, 2.5, 9], "rotation": 90, "texture": "#1"},
				"up": {"uv": [0, 2, 2, 9], "texture": "#1"},
				"down": {"uv": [0, 2, 2, 9], "texture": "#1"}
			}
		},
		{
			"from": [6, -1, 25],
			"to": [10, 0, 31],
			"faces": {
				"north": {"uv": [7, 7, 7.5, 10], "rotation": 90, "texture": "#1"},
				"east": {"uv": [7, 7, 7.5, 10], "rotation": 90, "texture": "#1"},
				"south": {"uv": [7, 7, 7.5, 10], "rotation": 90, "texture": "#1"},
				"west": {"uv": [7, 7, 7.5, 10], "rotation": 90, "texture": "#1"},
				"up": {"uv": [7, 10, 5, 7], "texture": "#1"},
				"down": {"uv": [7, 10, 5, 7], "texture": "#1"}
			}
		},
		{
			"from": [6, -1, 10],
			"to": [10, 0, 24],
			"faces": {
				"north": {"uv": [7, 7, 9, 7.5], "texture": "#1"},
				"east": {"uv": [2, 2, 2.5, 9], "rotation": 90, "texture": "#1"},
				"south": {"uv": [7, 7, 7.5, 10], "rotation": 270, "texture": "#1"},
				"west": {"uv": [2, 2, 2.5, 9], "rotation": 90, "texture": "#1"},
				"up": {"uv": [0, 2, 2, 9], "texture": "#1"},
				"down": {"uv": [0, 2, 2, 9], "texture": "#1"}
			}
		},
		{
			"from": [10, 0, 10],
			"to": [11, 4, 24],
			"rotation": {"angle": 0, "axis": "z", "origin": [8, 4.5, 4.5]},
			"faces": {
				"north": {"uv": [7, 7, 9, 7.5], "rotation": 270, "texture": "#1"},
				"east": {"uv": [0, 2, 2, 9], "rotation": 90, "texture": "#1"},
				"south": {"uv": [7, 7, 7.5, 10], "texture": "#1"},
				"west": {"uv": [0, 2, 2, 9], "rotation": 90, "texture": "#1"},
				"up": {"uv": [2, 2, 2.5, 9], "rotation": 180, "texture": "#1"},
				"down": {"uv": [2, 2, 2.5, 9], "rotation": 180, "texture": "#1"}
			}
		},
		{
			"from": [10, 0, 25],
			"to": [11, 4, 31],
			"rotation": {"angle": 0, "axis": "z", "origin": [8, 4.5, 4.5]},
			"faces": {
				"north": {"uv": [7, 7, 7.5, 10], "texture": "#1"},
				"east": {"uv": [7, 10, 5, 7], "rotation": 90, "texture": "#1"},
				"south": {"uv": [7, 7, 7.5, 10], "rotation": 180, "texture": "#1"},
				"west": {"uv": [7, 10, 5, 7], "rotation": 90, "texture": "#1"},
				"up": {"uv": [7, 7, 7.5, 10], "rotation": 180, "texture": "#1"},
				"down": {"uv": [7, 7, 7.5, 10], "rotation": 180, "texture": "#1"}
			}
		},
		{
			"from": [5, 0, 10],
			"to": [6, 4, 24],
			"rotation": {"angle": 0, "axis": "z", "origin": [8, 4.5, 4.5]},
			"faces": {
				"north": {"uv": [7, 7, 9, 7.5], "rotation": 270, "texture": "#1"},
				"east": {"uv": [0, 2, 2, 9], "rotation": 90, "texture": "#1"},
				"south": {"uv": [7, 7, 7.5, 10], "texture": "#1"},
				"west": {"uv": [0, 2, 2, 9], "rotation": 90, "texture": "#1"},
				"up": {"uv": [2, 2, 2.5, 9], "rotation": 180, "texture": "#1"},
				"down": {"uv": [2, 2, 2.5, 9], "rotation": 180, "texture": "#1"}
			}
		},
		{
			"from": [5, 0, 25],
			"to": [6, 4, 31],
			"rotation": {"angle": 0, "axis": "z", "origin": [8, 4.5, 4.5]},
			"faces": {
				"north": {"uv": [7, 7, 7.5, 10], "texture": "#1"},
				"east": {"uv": [7, 10, 5, 7], "rotation": 90, "texture": "#1"},
				"south": {"uv": [7, 7, 7.5, 10], "rotation": 180, "texture": "#1"},
				"west": {"uv": [7, 10, 5, 7], "rotation": 90, "texture": "#1"},
				"up": {"uv": [7, 7, 7.5, 10], "rotation": 180, "texture": "#1"},
				"down": {"uv": [7, 7, 7.5, 10], "rotation": 180, "texture": "#1"}
			}
		}
	],
	"display": {
		"thirdperson_righthand": {
			"translation": [0, 9, -20.75]
		},
		"thirdperson_lefthand": {
			"translation": [0, 9, -20.75]
		},
		"firstperson_righthand": {
			"translation": [8.75, 6, -19.75]
		},
		"firstperson_lefthand": {
			"translation": [8.75, 6, -19.75]
		},
		"ground": {
			"translation": [0, 4, -11.25]
		},
		"gui": {
			"rotation": [0, 90, 0],
			"translation": [-11.5, 6.5, 0]
		},
		"head": {
			"translation": [0, 16.75, -12.25]
		},
		"fixed": {
			"rotation": [0, 90, 0],
			"translation": [-13, 5.75, -3.25]
		}
	},
	"groups": [
		{
			"name": "body2",
			"origin": [2, 0, 2],
			"color": 0,
			"children": [
				{
					"name": "parachute",
					"origin": [0, 8, 0],
					"color": 0,
					"children": [
						{
							"name": "part",
							"origin": [2, 4, 2],
							"rotation": [0, -25, 0],
							"color": 0,
							"children": []
						},
						{
							"name": "part2",
							"origin": [2, 4, 2],
							"rotation": [0, 25, 0],
							"color": 0,
							"children": []
						}
					]
				}, 0, 1, 2,
				{
					"name": "head2",
					"origin": [2, 4, 2],
					"color": 0,
					"children": [3, 4, 5, 6, 7]
				},
				{
					"name": "right_wing2",
					"origin": [5.5, 4.5, 2],
					"color": 0,
					"children": [
						{
							"name": "body_sub_5",
							"origin": [5.5, 4.5, 2],
							"color": 0,
							"shade": false,
							"children": [8]
						}
					]
				},
				{
					"name": "left_wing2",
					"origin": [-1.5, 4.5, 2],
					"color": 0,
					"children": [9]
				}
			]
		},
		{
			"name": "cannon",
			"origin": [8, 4.5, 4.5],
			"color": 0,
			"children": [10, 11, 12, 13, 14, 15, 16, 17, 18, 19, 20, 21]
		}
	]
}