{
	"credit": "Made with Blockbench",
	"texture_size": [32, 32],
	"textures": {
		"1": "item/cannon",
		"particle": "item/penguin"
	},
	"elements": [
		{
			"from": [6, 0, 24],
			"to": [10, 4, 25],
			"faces": {
				"north": {"uv": [5, 0, 7, 2], "texture": "#1"},
				"east": {"uv": [5, 0, 7, 0.5], "texture": "#1"},
				"south": {"uv": [5, 0, 7, 2], "texture": "#1"},
				"west": {"uv": [5, 0, 7, 0.5], "texture": "#1"},
				"up": {"uv": [5, 0, 7, 0.5], "texture": "#1"},
				"down": {"uv": [5, 0, 7, 0.5], "texture": "#1"}
			}
		},
		{
			"from": [6, 0, 31],
			"to": [10, 4, 32],
			"faces": {
				"north": {"uv": [5, 7, 7, 10], "texture": "#1"},
				"east": {"uv": [7, 7, 7.5, 10], "texture": "#1"},
				"south": {"uv": [5, 7, 7, 10], "texture": "#1"},
				"west": {"uv": [7, 7, 7.5, 10], "texture": "#1"},
				"up": {"uv": [7, 9.5, 7.5, 7.5], "rotation": 90, "texture": "#1"},
				"down": {"uv": [7, 9.5, 7.5, 7.5], "rotation": 90, "texture": "#1"}
			}
		},
		{
			"from": [6, 4, 25],
			"to": [10, 5, 31],
			"faces": {
				"north": {"uv": [7, 7, 7.5, 10], "rotation": 90, "texture": "#1"},
				"east": {"uv": [7, 7, 7.5, 10], "rotation": 90, "texture": "#1"},
				"south": {"uv": [7, 7, 7.5, 10], "rotation": 90, "texture": "#1"},
				"west": {"uv": [7, 7, 7.5, 10], "rotation": 90, "texture": "#1"},
				"up": {"uv": [7, 10, 5, 7], "texture": "#1"},
				"down": {"uv": [7, 10, 5, 7], "texture": "#1"}
			}
		},
		{
			"from": [7, 5, 28],
			"to": [8, 6, 29],
			"faces": {
				"north": {"uv": [7, 7, 7.5, 7.5], "rotation": 90, "texture": "#1"},
				"east": {"uv": [7, 7, 7.5, 7.5], "rotation": 90, "texture": "#1"},
				"south": {"uv": [7, 7, 7.5, 7.5], "rotation": 90, "texture": "#1"},
				"west": {"uv": [7, 7, 7.5, 7.5], "rotation": 90, "texture": "#1"},
				"up": {"uv": [5.5, 7.5, 5, 7], "texture": "#1"},
				"down": {"uv": [7, 10, 5, 7], "texture": "#1"}
			}
		},
		{
			"from": [7, 6, 27],
			"to": [8, 7, 30],
			"faces": {
				"north": {"uv": [0, 0, 0.5, 0.5], "rotation": 90, "texture": "#1"},
				"east": {"uv": [0, 0, 0.5, 0.5], "rotation": 90, "texture": "#1"},
				"south": {"uv": [0, 0, 0.5, 0.5], "rotation": 90, "texture": "#1"},
				"west": {"uv": [0, 0, 0.5, 0.5], "rotation": 90, "texture": "#1"},
				"up": {"uv": [0.5, 0.5, 0, 0], "texture": "#1"},
				"down": {"uv": [7, 10, 5, 7], "texture": "#1"}
			}
		},
		{
			"from": [6, 4, 10],
			"to": [10, 5, 24],
			"faces": {
				"north": {"uv": [7, 7, 9, 7.5], "texture": "#1"},
				"east": {"uv": [2, 2, 2.5, 9], "rotation": 90, "texture": "#1"},
				"south": {"uv": [7, 7, 7.5, 10], "rotation": 270, "texture": "#1"},
				"west": {"uv": [2, 2, 2.5, 9], "rotation": 90, "texture": "#1"},
				"up": {"uv": [0, 2, 2, 9], "texture": "#1"},
				"down": {"uv": [0, 2, 2, 9], "texture": "#1"}
			}
		},
		{
			"from": [6, -1, 25],
			"to": [10, 0, 31],
			"faces": {
				"north": {"uv": [7, 7, 7.5, 10], "rotation": 90, "texture": "#1"},
				"east": {"uv": [7, 7, 7.5, 10], "rotation": 90, "texture": "#1"},
				"south": {"uv": [7, 7, 7.5, 10], "rotation": 90, "texture": "#1"},
				"west": {"uv": [7, 7, 7.5, 10], "rotation": 90, "texture": "#1"},
				"up": {"uv": [7, 10, 5, 7], "texture": "#1"},
				"down": {"uv": [7, 10, 5, 7], "texture": "#1"}
			}
		},
		{
			"from": [6, -1, 10],
			"to": [10, 0, 24],
			"faces": {
				"north": {"uv": [7, 7, 9, 7.5], "texture": "#1"},
				"east": {"uv": [2, 2, 2.5, 9], "rotation": 90, "texture": "#1"},
				"south": {"uv": [7, 7, 7.5, 10], "rotation": 270, "texture": "#1"},
				"west": {"uv": [2, 2, 2.5, 9], "rotation": 90, "texture": "#1"},
				"up": {"uv": [0, 2, 2, 9], "texture": "#1"},
				"down": {"uv": [0, 2, 2, 9], "texture": "#1"}
			}
		},
		{
			"from": [10, 0, 10],
			"to": [11, 4, 24],
			"rotation": {"angle": 0, "axis": "z", "origin": [8, 4.5, 4.5]},
			"faces": {
				"north": {"uv": [7, 7, 9, 7.5], "rotation": 270, "texture": "#1"},
				"east": {"uv": [0, 2, 2, 9], "rotation": 90, "texture": "#1"},
				"south": {"uv": [7, 7, 7.5, 10], "texture": "#1"},
				"west": {"uv": [0, 2, 2, 9], "rotation": 90, "texture": "#1"},
				"up": {"uv": [2, 2, 2.5, 9], "rotation": 180, "texture": "#1"},
				"down": {"uv": [2, 2, 2.5, 9], "rotation": 180, "texture": "#1"}
			}
		},
		{
			"from": [10, 0, 25],
			"to": [11, 4, 31],
			"rotation": {"angle": 0, "axis": "z", "origin": [8, 4.5, 4.5]},
			"faces": {
				"north": {"uv": [7, 7, 7.5, 10], "texture": "#1"},
				"east": {"uv": [7, 10, 5, 7], "rotation": 90, "texture": "#1"},
				"south": {"uv": [7, 7, 7.5, 10], "rotation": 180, "texture": "#1"},
				"west": {"uv": [7, 10, 5, 7], "rotation": 90, "texture": "#1"},
				"up": {"uv": [7, 7, 7.5, 10], "rotation": 180, "texture": "#1"},
				"down": {"uv": [7, 7, 7.5, 10], "rotation": 180, "texture": "#1"}
			}
		},
		{
			"from": [5, 0, 10],
			"to": [6, 4, 24],
			"rotation": {"angle": 0, "axis": "z", "origin": [8, 4.5, 4.5]},
			"faces": {
				"north": {"uv": [7, 7, 9, 7.5], "rotation": 270, "texture": "#1"},
				"east": {"uv": [0, 2, 2, 9], "rotation": 90, "texture": "#1"},
				"south": {"uv": [7, 7, 7.5, 10], "texture": "#1"},
				"west": {"uv": [0, 2, 2, 9], "rotation": 90, "texture": "#1"},
				"up": {"uv": [2, 2, 2.5, 9], "rotation": 180, "texture": "#1"},
				"down": {"uv": [2, 2, 2.5, 9], "rotation": 180, "texture": "#1"}
			}
		},
		{
			"from": [5, 0, 25],
			"to": [6, 4, 31],
			"rotation": {"angle": 0, "axis": "z", "origin": [8, 4.5, 4.5]},
			"faces": {
				"north": {"uv": [7, 7, 7.5, 10], "texture": "#1"},
				"east": {"uv": [7, 10, 5, 7], "rotation": 90, "texture": "#1"},
				"south": {"uv": [7, 7, 7.5, 10], "rotation": 180, "texture": "#1"},
				"west": {"uv": [7, 10, 5, 7], "rotation": 90, "texture": "#1"},
				"up": {"uv": [7, 7, 7.5, 10], "rotation": 180, "texture": "#1"},
				"down": {"uv": [7, 7, 7.5, 10], "rotation": 180, "texture": "#1"}
			}
		}
	],
	"display": {
		"thirdperson_righthand": {
			"translation": [0, 9, -20.75]
		},
		"thirdperson_lefthand": {
			"translation": [0, 9, -20.75]
		},
		"firstperson_righthand": {
			"translation": [8.75, 6, -19.75]
		},
		"firstperson_lefthand": {
			"translation": [8.75, 6, -19.75]
		},
		"ground": {
			"translation": [0, 4, -11.25]
		},
		"gui": {
			"rotation": [0, 90, 0],
			"translation": [-11.5, 6.5, 0]
		},
		"head": {
			"translation": [0, 16.75, -12.25]
		},
		"fixed": {
			"rotation": [0, 90, 0],
			"translation": [-13, 5.75, -3.25]
		}
	},
	"groups": [
		{
			"name": "body2",
			"origin": [2, 0, 2],
			"color": 0,
			"children": [
				{
					"name": "parachute",
					"origin": [0, 8, 0],
					"color": 0,
					"children": [
						{
							"name": "part",
							"origin": [2, 4, 2],
							"rotation": [0, -25, 0],
							"color": 0,
							"children": []
						},
						{
							"name": "part2",
							"origin": [2, 4, 2],
							"rotation": [0, 25, 0],
							"color": 0,
							"children": []
						}
					]
				},
				{
					"name": "head2",
					"origin": [2, 4, 2],
					"color": 0,
					"children": []
				},
				{
					"name": "right_wing2",
					"origin": [5.5, 4.5, 2],
					"color": 0,
					"children": [
						{
							"name": "body_sub_5",
							"origin": [5.5, 4.5, 2],
							"color": 0,
							"shade": false,
							"children": []
						}
					]
				},
				{
					"name": "left_wing2",
					"origin": [-1.5, 4.5, 2],
					"color": 0,
					"children": []
				}
			]
		},
		{
			"name": "cannon",
			"origin": [8, 4.5, 4.5],
			"color": 0,
			"children": [0, 1, 2, 3, 4, 5, 6, 7, 8, 9, 10, 11]
		}
	]
}